{"./apue-ftw /usr": [7.306629180908203, 7.0333569049835205, 7.863042116165161, 7.377104997634888, 7.2581870555877686], "./ftw /usr": [8.295505046844482, 8.444747924804688]}